<?xml version="1.0" encoding="UTF-8"?>
<project-private xmlns="http://www.netbeans.org/ns/project-private/1">
    <editor-bookmarks xmlns="http://www.netbeans.org/ns/editor-bookmarks/2" lastBookmarkId="1">
        <file>
            <url>src/clienteservidor/Nucleo.java</url>
            <bookmark id="1">
                <name/>
                <line>265</line>
                <key/>
            </bookmark>
        </file>
    </editor-bookmarks>
    <open-files xmlns="http://www.netbeans.org/ns/projectui-open-files/2">
        <group>
            <file>file:/F:/C-S/src/clienteservidor/ResguardoServidor.java</file>
            <file>file:/F:/C-S/src/clienteservidor/ResguardoCliente.java</file>
            <file>file:/F:/C-S/src/clienteservidor/Nucleo.java</file>
            <file>file:/F:/C-S/src/clienteservidor/Procesos.java</file>
            <file>file:/F:/C-S/src/clienteservidor/Eliminar.java</file>
        </group>
    </open-files>
</project-private>
